gh_23718be18108,西安国际时尚周,,
zjsfnlhh,浙江女性,,
hebfl_2016,燕赵女性,,
art-woman8,女性艺术家,,
ansunangel_group,爱善天使女性社区,,
lady38_com,聆科女性励志,,
janxzs,集安女性之声,,
gzwomen,广州女性,,
qgfl19490403,女性之声,,
gslz12338,金城女性之声,,
whwomen,武汉女性,,
bjsfnlhh,北京女性,,
qilunvxing,齐鲁女性,,
nxzk104,女性周刊,,
xiziwomen,西子女性,,
hcsfnlhh,韩城女性,,
xiningwomen,夏都女性,,
nvxingxiaozhihui,女性小智慧,,
shanghaifulian,上海女性,,
vip434,时尚女性,,
shishangdao,时尚女性,,
mgfsky001,女性生殖健康平台,,
mmxuexi,女性心计学,,
Hzxp8899,关爱产后女性,,
nxjkfx,健康女性分享,,
gh_6301c8d3926e,巴陵女性,,
femaletribes,女性部落,,
longkoufulian,龙口女性,,
gh_ce56002e87b8,宁晋女性,,
ycjznr,D女郎女性健康护理,,
jqfl12338,荆区女性,,
XJX068,学点女性心计学,,
Appmr5,学学女性心计,,
nvrendemm,女性搭配穿衣,,
gh_e57cbc45411b,时尚圈女性,,
nx_yx1,女性养心,,
female-emotion,女性情感周刊,,
gh_70a1a5884c41,爱女性,,
gh_8de0adc8bb73,关注健康关爱女性,,
nx_ysyx,女性养身养心,,
nvxingjiankang9,长春女性健康,,
gh_e7839e6c2977,女性情感小刊,,
yunxiu2019,孕琇女性健康,,
FCyang2018,方城女性之窗,,
gh_9be2ef19acc1,女性抗衰老中心,,
FKQLX001,女性隐私保养平台,,
AnAnnius,新都市女性安安,,
vvxixi,全球时尚,,
cosmochina,时尚COSMO,,
shishanglinfeng,时尚临风,,
fashionifeng,凤凰网时尚,,
YuLesjf,星潮时尚,,
HotFashions,时尚热享,,
svop115,Nancy时尚笔记,,
jiankangssbk,健康时尚百科,,
sanfu_fashion,三福时尚,,
PopFashions,全球热门时尚,,
sssk0571,时尚时刻,,
ssyywcj,时尚音乐微场景,,
yinyue6300,时尚音乐场景,,
molfashion,mol摩尔时尚,,
TrendLifes,时尚潮生活,,
shishangTZ,时尚通州,,
tjshishang,时尚天津,,
hfu521,时尚折扣女装,,
imanyao,时尚巧搭配,,
gh_d3449548d01c,751时尚资讯,,
gh_d3449548d01c,751时尚资讯,,
fun_fashion,时尚funfashion,,
ncsslnc,时尚老南昌,,
hanguo678,时尚日韩,,
hzlaxq80,丽人时尚,,
TrendLifes,时尚潮生活,,
aaomss,欧美时尚女装,,
chuanyiaaa,时尚穿衣搭配,,
vsuch2007,尚趣时尚,,
stst365,时尚社团,,
yx3302002,优琇女性健康中心,,
nxjkpt110,女性健康生活微平台,,
gh_f48dd693500f,碧迪芙女性健康平台,,
gh_bd3f80437064,觅芳园女性健康调理中心,,
jaseyfk,吉安女性健康网,,
gh_78d329821cc2,女性魅力健康,,
gh_e77ffcf0a81a,斐美乐女性健康管理,,
WML201809,薇密丽女性健康养护运营中心,,
Tiara18191161788,迪兰朵 Tiara女性健康生活馆,,
gh_f3a5f4864b8b,田纪香女性私护健康分享,,
